<?xml version="1.0" encoding="UTF-8"?>  
<beans xmlns="http://www.springframework.org/schema/beans"  
    xmlns:xsi="http://www.w3.org/2001/XMLSchema-instance" xmlns:context="http://www.springframework.org/schema/context"  
    xmlns:aop="http://www.springframework.org/schema/aop"  
    xsi:schemaLocation="    
           http://www.springframework.org/schema/beans    
           http://www.springframework.org/schema/beans/spring-beans-3.0.xsd    
           http://www.springframework.org/schema/aop    
           http://www.springframework.org/schema/aop/spring-aop-3.0.xsd  
           http://www.springframework.org/schema/context    
           http://www.springframework.org/schema/context/spring-context-3.0.xsd">  
       
     <!-- jdbc配置文件 -->    
     <bean id="propertyConfigurer" class="org.springframework.beans.factory.config.PropertyPlaceholderConfigurer">  
        <property name="locations">  
            <list>  
               <value>classpath*:jdbc.properties</value>   
            </list>  
        </property>  
    </bean>  
      
    <!-- 配置数据源 -->  
    <bean id="dataSource" class="org.springframework.jdbc.datasource.DriverManagerDataSource">  
        <property name="driverClassName" value="${jdbc.driverClassName}" />  
        <property name="url" value="${jdbc.url}" />  
        <property name="username" value="${jdbc.username}" />  
        <property name="password" value="${jdbc.password}" />  
    </bean>  
    
	<!-- 配置mybatis sqlSessionFactory -->  	
    <bean id="sqlSessionFactory" class="org.mybatis.spring.SqlSessionFactoryBean">  
        <property name="dataSource" ref="dataSource" />  
        <property name="mapperLocations" value="classpath*:com/zhss/oa/auth/mapper/**/*.xml"/>    
        <property name="configLocation" value="classpath:mybatis-config.xml" />  
    </bean> 
	 
 	<!-- 自动扫描mapper接口文件 --> 
    <bean class="org.mybatis.spring.mapper.MapperScannerConfigurer">  
        <property name="basePackage" value="com.zhss.oa.auth.mapper" />  
    </bean>  
  	
    <!-- 自动扫描注解的bean -->  
    <context:component-scan base-package="com.zhss.oa.auth.service.*" />  
</beans>