<?xml version="1.0" encoding="UTF-8"?>
<beans xmlns="http://www.springframework.org/schema/beans"
    xmlns:xsi="http://www.w3.org/2001/XMLSchema-instance" 
    xmlns:context="http://www.springframework.org/schema/context"
    xmlns:mvc="http://www.springframework.org/schema/mvc"
    xmlns:aop="http://www.springframework.org/schema/aop" 
    xmlns:tx="http://www.springframework.org/schema/tx"
    xmlns:p="http://www.springframework.org/schema/p"
    xsi:schemaLocation="http://www.springframework.org/schema/beans 
            http://www.springframework.org/schema/beans/spring-beans-4.0.xsd
            http://www.springframework.org/schema/mvc 
            http://www.springframework.org/schema/mvc/spring-mvc-4.0.xsd 
           http://www.springframework.org/schema/context 
           http://www.springframework.org/schema/context/spring-context-4.0.xsd
           http://www.springframework.org/schema/aop 
           http://www.springframework.org/schema/aop/spring-aop-4.0.xsd
           http://www.springframework.org/schema/tx 
           http://www.springframework.org/schema/tx/spring-tx-4.0.xsd">

    <!-- 扫描controller（controller层注入） -->
    <context:component-scan base-package="com.zhss.oa.web.controller"/>
	
    <!-- 启动注解支持 -->  
    <mvc:annotation-driven/>

    <!-- 静态资源 -->
    <mvc:resources location="/WEB-INF/js/" mapping="/js/**"/>
    <mvc:resources location="/WEB-INF/css/" mapping="/css/**"/>
    <mvc:resources location="/WEB-INF/image/" mapping="/image/**"/>

    <!-- 视图解析器 -->
    <bean id="viewResolver" class="org.springframework.web.servlet.view.InternalResourceViewResolver">
        <property name="prefix" value="/WEB-INF/jsp/" />
        <property name="suffix" value=".jsp" />
    </bean>
</beans>